names,values
R,0.751070736
Python,0.291908979415894
Cpp,0.00468
Rcpp,0.004619341
Cython,0.00348615646362305
MATLAB,0.00027975
