names,values
R,0.370753254
Python,0.914705753326416
Cpp,0.023269
Rcpp,0.023245594
Cython,0.010322093963623
MATLAB,0.01034865
